UNITID,ADM_RATE,TUITIONFEE_IN,MD_EARN_WNE_P10
100654,0.8738,9366,31000
100663,0.5814,8040,41200
100706,0.7628,9842,46700
100724,0.459,9220,27700
100751,0.5259,10470,44500
100830,0.7659,9640,33300
100858,0.8054,10696,48800
100937,0.4839,34448,46700
101073,0.2363,10320,20600
101189,0.4538,20130,35400
101365,0.9747,13390,37800
101435,0.5676,25800,39900
101480,0.5308,7500,35800
101541,0.5755,17376,26100
101587,0.531,8876,37400
101648,0.6431,9418,42700
101693,0.6193,21400,35200
101709,0.6542,12040,34200
101879,0.5574,8114,37800
101912,0.4837,16750,29700
102049,0.9138,29402,49900
102094,0.805,7548,37800
102234,0.4353,35794,45100
102270,0.4192,10418,28200
102368,0.9125,8260,37000
102377,0.4999,20015,35500
102553,0.8285,5784,45400
102614,0.7347,5976,38700
102632,0.4896,8415,36000
102669,0.5506,20310,40200
104151,0.825,10370,47700
104179,0.7862,11769,47300
104586,0.7634,33826,66200
104717,0.5694,17050,52700
105330,0.7804,10764,40100
105589,0.6847,28943,33200
105899,0.5916,23896,32200
106245,0.8983,8061,34900
106342,0.7417,26290,38600
106397,0.632,8820,44900
106412,0.4193,6898,27200
106458,0.704,8200,32200
106467,0.6391,6624,34100
106546,0.7826,9194,47200
106704,0.8978,8224,38300
106713,0.6195,15000,35300
107044,0.7018,18635,40900
107071,0.6611,8340,35700
107080,0.771,42440,39700
107141,0.7711,25324,45800
107512,0.6688,24940,41200
107558,0.8682,23750,33900
107585,0.7719,2996,27500
107877,0.6051,17320,33100
107983,0.6913,8196,35700
108852,0.7701,33190,32700
109651,0.6925,40596,53600
109785,0.6146,36120,51100
110097,0.6485,36696,44500
110361,0.6399,31372,42600
110370,0.6485,45466,37200
110404,0.0807,47577,85900
110413,0.6419,39793,54200
110422,0.2949,9075,66900
110468,0.7368,17312,59500
110486,0.6782,6857,47800
110495,0.7434,6728,45400
110510,0.5814,6610,44500
110529,0.5916,7067,54000
110538,0.6525,7040,48100
110547,0.4791,6423,44700
110556,0.5354,6313,44700
110565,0.4823,6560,47200
110574,0.6975,6564,51700
110583,0.3189,6460,48100
110592,0.637,6383,46100
110608,0.4824,6587,45400
110617,0.7194,6900,48900
110635,0.1693,13509,64700
110644,0.4228,14046,58200
110653,0.4065,13360,58400
110662,0.1799,12920,60700
110671,0.6634,13581,49700
110680,0.3566,13645,59900
110705,0.3577,14073,55300
110714,0.5785,13539,46900
111081,0.236,45646,37900
111188,0.682,6808,82900
111948,0.5403,48710,54500
111966,0.25,13444,81900
112075,0.6504,32780,46400
112084,0.533,29550,36700
112260,0.0944,50945,72900
112394,0.8256,19096,49800
112570,0.5419,21105,31400
113698,0.7775,43400,55600
114354,0.4145,31760,37200
114390,0.3632,31760,37200
114415,0.5399,31760,37200
114813,0.6848,29320,43900
115409,0.1287,52666,88800
115728,0.4846,37074,50800
115755,0.7709,7209,36600
117104,0.9732,14138,32700
117140,0.4806,39900,49200
117168,0.3919,28950,32900
117627,0.4593,31590,49500
117751,0.8318,31970,41700
117946,0.5387,44480,61300
118693,0.4087,39950,50900
118888,0.8441,45635,39900
119173,0.8592,37722,53200
119270,0.8047,24030,30100
119775,0.9908,26463,49400
120184,0.9668,33268,56400
120254,0.4581,51070,50600
120403,0.9295,44020,44900
120537,0.3211,30550,36000
120865,0.4655,28629,51700
120883,0.6599,44588,71700
121150,0.3687,50022,65500
121257,0.1374,50430,48700
121309,0.6942,33500,50900
121345,0.0944,49352,58100
121691,0.7475,46570,55000
122409,0.3464,7084,51000
122436,0.5138,46140,60000
122454,0.9261,43090,31900
122506,0.4175,43410,19700
122597,0.682,6484,49200
122612,0.7137,44494,62300
122728,0.7251,28700,37300
122755,0.5344,7418,56100
122931,0.483,47112,72600
123165,0.2988,50982,54100
123457,0.5215,25950,34500
123554,0.8039,44360,56300
123572,0.7627,7388,49200
123651,0.7024,31430,41800
123961,0.1662,52283,74000
124292,0.7461,24500,42100
124487,0.7857,9689,25100
125727,0.8276,42900,51400
125763,0.6945,44774,46800
125897,0.6624,37906,48200
126182,0.9857,9153,35200
126359,0.3196,11963,29600
126562,0.6052,9228,56400
126580,0.9286,8042,43900
126614,0.7662,11531,50800
126678,0.1599,50892,45400
126775,0.4035,17842,84900
126818,0.7796,11052,47100
127060,0.5347,46422,56500
127185,0.9212,8104,35200
127556,0.8275,7835,36800
127565,0.6387,6930,40200
127653,1,31170,20700
127741,0.9027,8888,42000
127918,0.5659,34450,56400
128106,0.9638,9519,37500
128391,0.9188,9193,39000
128744,0.5778,31630,43100
128771,0.6001,9741,47900
128902,0.3513,50940,54900
129020,0.488,14066,58400
129215,0.5791,10500,46400
129242,0.6147,46000,72100
129525,0.7193,37790,47800
129774,0.8756,31780,32000
129941,0.8053,37060,52100
130183,0.4071,16510,40900
130226,0.7644,43940,63300
130253,0.5721,38300,56000
130314,0.876,36870,52800
130448,0.7049,14870,58100
130493,0.6352,10054,45300
130590,0.3395,52760,66100
130697,0.1785,50912,54700
130776,0.6683,10017,45200
130794,0.0632,49480,83200
130934,0.4065,7532,35800
130943,0.695,12830,57000
130989,0.5808,23400,44500
131098,0.6047,25646,42900
131159,0.2591,44853,61000
131283,0.7955,42536,56800
131450,0.6614,16078,31000
131469,0.4021,51950,69600
131496,0.1685,50547,93500
131520,0.3,24908,49200
131876,0.8855,23250,38800
132408,0.5868,10800,31800
132471,0.6159,28800,45800
132657,0.8173,36650,39300
132842,0.3953,12384,30200
132879,0.6164,14270,29800
132903,0.4999,6368,45400
133492,0.7213,41538,42200
133526,0.577,13525,25900
133553,0.7072,33886,66200
133650,0.3111,5785,37600
133669,0.5978,4831,43200
133711,0.5505,17500,38900
133809,0.7852,16550,39100
133872,0.7629,13480,56000
133881,0.6133,40446,56600
133951,0.5007,6556,46300
133979,0.2496,15536,27600
134079,0.4554,33150,41400
134097,0.5801,6507,46400
134130,0.4594,6381,56000
134422,1,11085,21600
134945,0.8083,33930,50500
135364,0.7647,6800,44800
135726,0.3771,47004,60100
136172,0.6453,6394,43200
136215,0.5254,28736,45300
136330,0.9337,28520,40600
136774,0.7814,43040,33200
136950,0.6062,46520,45700
137032,0.6974,21440,43800
137351,0.4663,6410,43500
137476,0.5413,28800,49400
137546,0.656,43240,43200
137564,0.4585,24160,34800
137847,0.483,27740,48600
137953,0.6476,11040,33600
137962,0.7067,15690,29200
138275,0.4359,20712,38600
138293,0.4972,25358,37200
138354,0.4083,6360,38900
138558,0.6561,3453,32900
138600,0.6469,38472,39400
138716,0.4967,5490,32200
138761,1,15770,29000
138789,0.8038,5360,39900
138868,0.5144,19200,32500
138947,0.7184,22396,35500
139144,0.6209,33556,40000
139199,0.3565,27152,42000
139214,0.7895,12900,29200
139250,0.9521,3821,28300
139311,0.4092,5340,38800
139366,0.5316,6031,35900
139393,0.9624,32230,41200
139630,0.4055,19330,33600
139658,0.2529,47954,66000
139719,0.2645,5594,30900
139755,0.2577,12212,79100
139764,0.6818,5262,36400
139861,0.8452,9202,40500
139931,0.6455,6273,41900
139940,0.5884,8974,43300
139959,0.539,11634,50500
139968,0.5433,3974,31200
140234,0.5772,28490,39600
140252,0.9214,11220,35600
140340,0.9606,13830,37800
140447,0.6935,35130,48200
140553,0.6607,26742,41800
140696,0.804,35280,42100
140720,0.2458,14224,28200
140818,0.5715,23112,40600
140872,0.8745,21644,36600
140951,0.7171,35690,36400
140960,0.5078,5644,31300
140988,0.6115,21730,43200
141060,0.3573,27314,47000
141167,0.4736,16940,34300
141185,0.5414,21414,29500
141237,0.9061,18510,32600
141264,0.6513,6297,38700
141325,0.3765,21750,29900
141334,0.5909,6143,38200
141361,0.5504,29012,37900
141486,0.9133,23310,38400
141565,0.691,7650,37900
141574,0.8498,11732,45800
141644,0.7537,23440,49900
141981,0.6806,7440,38600
142090,0.9,11750,29400
142115,0.8173,7080,37100
142285,0.7589,7232,41900
142294,0.8482,27425,40000
142328,0.9715,6120,34600
142461,0.9528,28650,39600
142522,0.9583,3920,42700
143048,0.5932,45750,33500
143084,0.5162,39621,52000
143118,0.8772,22830,42700
143288,0.5385,21162,37400
143358,0.6981,32120,53600
144005,0.5788,10252,33800
144050,0.0794,53649,68100
144281,0.8806,25334,34400
144351,0.6892,30630,39700
144740,0.6975,37626,53300
144892,0.4688,11580,42200
144962,0.7189,35500,48300
144971,0.6453,21120,36000
145239,0.7457,15120,33500
145336,0.413,10516,40800
145372,0.5782,25720,36800
145497,0.915,16860,21100
145600,0.7359,13664,54300
145637,0.6007,15058,61500
145646,0.5821,44142,59100
145691,0.5403,31610,42800
145725,0.571,45214,69100
145813,0.8888,14061,47100
146339,0.7485,28730,42800
146393,0.8377,19828,39300
146427,0.6521,43285,39700
146481,0.5694,44116,50900
146612,0.5919,30050,48800
146667,0.5288,13020,30900
146676,0.6202,17700,30900
146719,0.7257,42032,54100
146825,0.562,25110,36200
147013,0.6816,28740,45800
147165,0.75,16230,25600
147244,0.638,31824,42900
147341,0.5206,35300,41500
147536,0.7638,10380,44600
147660,0.5936,36654,47800
147679,0.9418,27210,43700
147703,0.5184,14204,45500
147749,0.5551,17730,29600
147767,0.1066,50855,69000
147776,0.7101,10138,37900
147828,0.777,33940,40400
148131,0.6623,27128,39500
148335,0.2313,25800,32300
148405,0.5443,29180,45200
148487,0.7329,28119,43600
148496,0.6373,31570,47100
148584,0.4923,30840,53100
148627,0.7525,32250,48200
148654,0.653,11413,44600
149028,1,24314,60600
149222,0.7665,13481,42900
149231,0.893,11008,43000
149505,0.7002,27675,42200
149514,0.5978,30130,41100
149772,0.5945,12655,43200
149781,0.7865,34050,48400
150066,0.6642,28650,37200
150136,0.6225,9654,41100
150145,0.9777,27390,37800
150163,0.7271,38360,56600
150400,0.6533,46448,54000
150455,0.5763,45300,35000
150534,0.7089,33966,41800
150604,0.7809,30025,44100
150668,0.6245,33200,37700
150677,0.7873,23120,34900
150756,0.5733,35514,46400
150774,0.9101,28760,39900
150941,0.8921,25400,36200
151102,0.9326,8213,36500
151111,0.7397,9205,42500
151166,1,16275,24700
151263,0.8617,27420,40600
151290,0.6917,26370,42700
151306,0.9189,7605,37000
151324,0.8588,8746,39000
151333,0.6913,7073,36200
151342,0.7703,7073,34900
151351,0.7872,10388,47700
151360,0.758,7073,36300
151379,0.8401,7073,37900
151388,0.6028,7073,31500
151458,0.7892,13920,27300
151467,0.7736,13920,27300
151777,0.7055,30802,40700
151786,0.5958,31500,43300
151801,0.7388,25346,49900
152080,0.1873,49685,78400
152099,0.6176,23400,33600
152318,0.6107,46210,80900
152336,0.9672,28310,40400
152381,0.7302,28932,32300
152390,0.8165,38880,46200
152497,1,19898,46300
152530,0.7961,31472,38000
152567,0.7671,30960,43300
152600,0.8291,37450,48500
152673,0.6262,41050,56300
152798,0,17769,50800
153001,0.6369,32210,40000
153108,0.7343,34612,44700
153126,0.6493,30900,41300
153144,0.4995,41000,46200
153162,0.7094,39900,43000
153250,0.7203,29130,41700
153269,0.6895,35206,58300
153278,0.7569,28700,39200
153302,0.3565,16580,34400
153320,0.6617,16766,35400
153366,0.484,27010,36200
153375,0.9661,25474,43200
153384,0.2019,48758,49100
153603,0.8749,8219,50700
153621,0.5089,23516,39500
153658,0.8411,8575,51900
153825,0.9236,31525,44600
153834,0.6763,40040,47400
153861,0.506,27530,21400
153977,0.977,16920,47000
154004,0.5693,29094,43700
154013,0.6188,29696,45300
154095,0.8256,8309,44600
154101,0.6553,29500,38400
154235,0.6358,29150,47300
154262,0.5,20440,44400
154350,0.8545,35876,47500
154493,0.5555,28890,42900
154518,0.6671,21260,37800
154527,0.6825,38380,45400
154590,0.5867,24510,42100
154688,0.7775,28030,51300
154712,0.9771,27480,40100
154721,0.638,26660,40200
154749,0.5597,26920,40800
154855,0.5364,16850,31700
155025,0.8743,6179,37100
155061,0.9073,4884,38200
155070,0.6667,15990,33900
155089,0.5501,26865,41800
155140,0.8646,480,24900
155317,0.9301,11455,48800
155335,0.5778,27556,44000
155399,0.9407,9874,45600
155414,0.5466,28000,40300
155423,0.5669,6192,40300
155496,0.5951,14986,35500
155511,0.573,26498,39300
155520,0.5181,28150,42900
155627,0.5007,27096,41500
155681,0.8734,6910,39400
155812,0.4944,26650,38500
155900,0.9215,27250,46400
155937,0.3737,24250,35700
155973,0.5594,26590,40800
156125,0.8623,7895,40400
156189,0.2219,11550,31700
156213,0.696,28630,34900
156286,0.8245,39750,45700
156295,0.328,25470,33700
156356,0.4677,21100,40100
156365,0.6979,24596,33700
156408,0.7426,39300,45500
156541,0.7087,23000,35100
156620,0.8633,8868,36100
156745,0.6612,35650,43000
157058,0.49,7754,28700
157076,0.5722,24050,36700
157085,0.9079,11484,45100
157100,0.388,18560,34600
157270,1,20680,34600
157289,0.7257,11264,41800
157377,0.6032,23350,34500
157386,0.8556,8496,33100
157401,0.8535,8400,37100
157447,0.9109,9384,37500
157535,1,19600,31100
157757,0.503,24388,45100
157809,0.8909,29450,49400
157818,0.9482,35830,44100
157863,0.6749,25135,32100
157951,0.9402,9912,34700
158477,0.6422,35430,44900
158802,0.394,17064,35400
159009,0.4514,7371,28100
159382,0.3332,6668,33700
159391,0.7639,10814,50100
159416,0.8857,7146,35700
159568,0.7219,15978,42800
159647,0.6319,9117,41500
159656,0.6775,38754,47100
159717,0.637,7310,38200
159939,0.6005,8484,37800
159966,0.8266,7641,37500
159993,0.7613,8284,37500
160038,0.618,7620,34300
160065,0.3957,11632,39500
160074,0.539,12046,47200
160612,0.873,7773,37200
160621,0.9879,9332,34700
160630,0.1154,6421,28600
160658,0.511,9450,39900
160755,0.255,51010,61700
160904,0.6195,23046,49800
160959,0.6474,43542,24600
160977,0.2265,50310,59200
161004,0.1484,49900,65500
161022,0.4615,12310,49000
161086,0.1871,50960,58100
161226,0.8043,8695,36000
161235,0.815,7575,33400
161253,0.8975,10628,42500
161299,0.7551,13078,95600
161341,0.8672,7436,32400
161457,0.8306,35630,46300
161509,0.8639,32922,27700
161518,0.7808,33600,43400
161554,0.8025,7796,38700
161572,0.9284,27570,34100
161873,0.4942,8596,58000
162007,0.4126,7880,45800
162061,0.8833,24272,63900
162210,0.3337,23400,42600
162283,0.3961,7438,38100
162584,0.6272,8702,44600
162654,0.7923,43416,48900
162760,0.7053,36540,45300
162928,0.1284,50410,73200
163046,0.6553,46430,68100
163268,0.5683,11264,55000
163286,0.4806,10181,62900
163295,0.5709,45400,37300
163338,0.3839,7804,36600
163453,0.603,7636,40500
163462,0.6153,39000,52600
163578,0.5872,35019,51800
163851,0.6593,9364,50500
163912,0.7997,14192,52200
163976,0.5327,50353,36900
164076,0.7374,9408,50800
164173,0.6076,33168,49600
164216,0.4903,43842,51400
164270,0.7807,40580,49700
164447,0.6931,33140,46000
164465,0.1369,52476,65000
164492,0.8271,36110,44800
164562,0.7774,36260,55200
164580,0.2459,48288,96100
164614,0.9286,12600,33600
164632,0.5992,32739,42700
164641,0.3859,22320,32100
164720,0.6534,37272,43800
164739,0.4632,45760,86900
164748,0.3384,41398,30300
164924,0.3114,51296,72500
164988,0.2943,50240,65300
165015,0.3344,51245,57900
165024,0.8096,9603,45300
165264,0.2674,35298,57200
165334,0.5473,43150,49100
165529,0.8859,37835,45900
165574,0.8893,36660,33500
165644,0.6622,30815,42300
165662,0.4806,42908,46600
165671,0.714,37540,49700
165699,0.7875,31312,51100
165802,0.6849,29640,34900
165820,0.7465,10135,45700
165866,0.6481,9340,45800
165936,0.9197,36060,41700
166018,0.6363,50238,34500
166027,0.054,47074,89700
166124,0.3846,48940,71000
166391,0.7606,33600,43000
166452,0.6373,25875,38700
166513,0.6057,14307,53300
166629,0.5968,14971,51400
166638,0.6852,13435,48200
166656,0.8448,31560,116000
166674,0.7087,12200,36200
166683,0.0794,48452,104700
166692,0.8048,8004,86600
166850,0.8191,38825,57100
166939,0.5219,45866,48600
166948,0.6834,33820,40400
167057,0.3543,44755,32100
167224,0.9844,24200,29900
167251,0.8267,33510,39700
167260,0.8369,33400,48300
167288,0.771,9875,35800
167358,0.2888,47653,67400
167394,0.7646,33412,46200
167455,0.7442,28780,36600
167598,0.9695,39040,47500
167729,0.7358,9736,43500
167783,0.6362,38590,55800
167792,0.868,52870,32500
167835,0.3723,47904,46200
167899,0.659,35475,45100
167987,0.7602,13188,48200
167996,0.7292,39900,60800
168005,0.8442,35578,53100
168148,0.1429,52430,75800
168218,0.2859,48802,60800
168227,0.7058,33724,65100
168254,0.7961,34874,54900
168263,0.7792,9275,46100
168281,0.6666,49012,47600
168290,0.8391,34825,37900
168342,0.1761,51790,59000
168421,0.4844,46994,84900
168430,0.7056,9202,48200
168528,0.5841,34890,38600
168546,0.7226,41040,47400
168591,0.6795,37310,42200
168740,0.4042,27684,45200
168786,0.9132,30062,37300
169080,0.7471,31730,44800
169248,0.7156,12150,41900
169327,0.4683,17600,53600
169442,0.4737,40840,44100
169479,0.7836,16726,30700
169655,0.9636,16205,41900
169716,0.784,39882,47100
169798,0.7288,11209,39300
169910,0.7769,11290,44500
169983,0.7183,39790,80500
170000,0.8051,12644,28600
170037,0.6345,26860,35400
170082,0.8168,11520,42800
170301,0.8441,31560,46200
170532,0.6566,44857,48700
170639,0.6897,11019,37700
170675,0.6933,31140,55300
170806,0.7533,19500,40900
170842,0.4142,22064,28700
170967,0.5709,21662,35300
170976,0.2859,14402,63400
171100,0.6574,14062,53600
171128,0.7644,14634,66400
171137,0.6471,12032,48600
171146,0.6519,10344,40600
171456,0.7587,9766,35500
171492,0.6694,25130,48900
171571,0.8635,12064,43100
171599,0.5335,25560,38400
171881,0.7338,20342,28600
172051,0.7587,9345,39300
172264,0.7172,24856,42000
172334,0.7147,26730,41000
172440,0.4612,22758,32400
172644,0.8146,12269,40800
172699,0.8231,11493,45000
173045,0.4514,36415,46800
173124,0.6408,8394,40600
173142,0.8049,25890,34800
173160,0.8237,35160,47300
173258,0.2262,50874,54200
173300,0.6502,36878,44500
173328,0.5726,21250,49200
173452,0.8328,13980,37300
173647,0.648,42840,51700
173665,0.703,39181,49200
173902,0.371,50639,47600
173920,0.6249,7858,44900
174020,1,7566,48200
174066,0.4441,14142,51900
174075,0.6817,11700,44800
174127,0.6525,36548,35400
174154,1,13390,37800
174233,0.7655,13139,47200
174251,0.5806,12846,40700
174358,0.5961,8114,40600
174437,0.6608,22240,34600
174491,0.8692,29460,38500
174525,0.1636,16980,28800
174747,0.8774,42271,52600
174783,0.8509,7910,44200
174792,0.8778,41732,60600
174817,0.7924,32575,47800
174844,0.4476,44180,50400
174862,0.5413,24700,35100
174899,0.6371,35326,51400
174914,0.8266,39594,56800
175005,0.9083,36820,49200
175078,0.5419,8347,37600
175227,0.674,20428,52800
175272,0.5975,9075,44700
175342,0.7844,6546,31100
175421,0.4256,23016,37300
175430,0.9686,11212,31400
175616,0.8941,6418,33700
175856,0.6332,7261,30000
175980,0.5915,37110,48100
176017,0.783,7744,42700
176035,0.988,6065,34100
176044,0.8445,6116,23200
176053,0.4947,16740,38300
176080,0.5567,7780,40200
176318,0.4686,9500,24100
176372,0.6014,7659,36400
176406,0.518,10600,27500
176479,0.5103,11700,34700
176628,0.563,27312,44100
176770,0.5926,11170,42100
176789,0.9773,11700,36800
176910,0.276,13700,29700
176947,0.6103,23010,35400
176965,0.7462,7322,38000
177117,0.6872,19300,33500
177144,0.5812,25415,36600
177214,0.6997,25905,32200
177339,0.7536,22081,35800
177418,0.8952,24610,40800
177542,0.6164,21810,34300
177579,0.7568,13930,33600
177746,0.6504,36450,31200
177968,0.5469,16332,41300
178059,0.928,27958,47200
178244,0.512,24924,35600
178341,0.9434,5523,33300
178369,0.4649,19750,34000
178396,0.747,9518,48300
178402,0.6187,7846,45700
178411,0.7933,9057,71200
178420,0.7062,9394,42900
178615,0.6769,7456,44500
178624,0.7406,7343,40000
178679,1,12140,30500
178697,0.1422,18930,32500
178721,0.6859,12130,45900
178767,0.3333,14310,24800
179043,0.7406,35670,50800
179159,0.6474,40726,56500
179256,0.2941,11240,27300
179326,0.8967,22508,33700
179548,0.6104,29754,33900
179557,0.8281,6990,37000
179566,0.8438,7060,39300
179867,0.1653,49770,70100
179894,0.4658,26300,42300
179946,0.6518,24540,42700
179955,0.5108,32930,45700
179964,0.7017,23040,36500
180106,0.7148,33192,45900
180258,0.5674,23534,32500
180416,0.8893,6561,41700
180461,0.8287,6887,43200
180489,0.9243,6238,35500
180522,1,5371,37100
180595,0.6207,26666,38800
180832,0.5213,15780,49300
180878,0.87,14636,51300
180984,0.7328,28480,40100
181002,0.7066,37606,59700
181020,0.7586,30434,44300
181093,0.5676,21928,31400
181127,0.6394,28250,44400
181215,0.8508,6844,41300
181297,0.3542,13802,48700
181330,0.6106,30430,39900
181376,1,16200,29200
181394,0.8648,7204,44200
181446,0.7438,31394,46000
181464,0.7527,8537,46400
181604,0.6037,29954,41200
181738,0.635,22538,40800
181853,0.5043,17700,35400
182281,0.8278,7183,45000
182290,0.8281,7142,47000
182458,0.5147,31150,42100
182634,0.8703,39450,43600
182670,0.1059,51438,75500
182795,0.8139,34050,39700
182980,0.9901,35952,37900
183026,0.9287,31136,45400
183044,0.7586,17624,51400
183062,0.8253,13613,42400
183071,0.6983,14495,51400
183080,0.7877,13472,41700
183211,0.7059,30000,45400
183239,0.759,39036,58300
183488,0.515,15428,28500
183822,0.6158,28600,38200
183910,0.8541,32650,44400
183974,0.8788,32098,45800
184348,0.5716,48052,52700
184603,0.7683,37988,48100
184612,0.7855,32990,47300
184694,0.7909,40234,48100
184773,0.7446,31618,44400
184782,0.7101,13108,50000
184959,0.5579,17272,40500
184968,0.6,22274,64600
185129,0.8505,11430,42700
185262,0.744,11870,46100
185572,0.7729,35364,50500
185590,0.6613,12116,49600
185679,0.6,17879,67900
185721,0.4295,15221,31100
185828,0.593,16430,68500
186131,0.0652,45320,74700
186186,0.9583,11100,25600
186201,0.5326,13870,53200
186283,0.7151,39820,50600
186371,0.5749,14238,57900
186380,0.5694,14372,57900
186399,0.6531,13829,57900
186432,0.7425,35192,45800
186584,0.669,39258,57200
186618,0.6626,32282,43400
186867,0.3911,48838,89200
186876,0.7694,13077,47500
187134,0.4886,15794,58500
187444,0.7564,12574,46600
187648,0.5731,5618,29500
187745,1,4700,15400
187912,0.3613,5141,39700
187967,0.2345,6891,50000
187985,0.5778,7340,36400
188030,0.5961,6094,34600
188146,0.9837,32346,37700
188182,0.6578,15456,36200
188429,0.7029,35740,58500
188526,0.6917,31981,124700
188641,0.6279,27078,41400
188678,0.8159,33190,32700
188854,0.219,35900,28000
189088,0.5621,51384,39700
189097,0.1674,50394,57900
189282,0.6,27765,90200
189705,0.7786,35424,47300
189848,0.8988,32674,37100
189857,0.9375,6700,23500
190044,0.6821,46132,72000
190099,0.2878,51955,63600
190114,0.3929,18730,36600
190150,0.0683,55056,83300
190248,0.7105,30530,48000
190415,0.1409,50953,77200
190451,0.5,11755,54600
190503,0.9426,30730,43200
190512,0.3067,6810,57200
190549,0.3749,6838,43900
190558,0.9916,6890,41500
190567,0.4539,6689,46300
190594,0.3788,6782,47200
190600,0.3376,6810,44900
190637,0.3248,6812,43100
190646,0.9841,6756,35900
190655,0.7452,6669,40600
190664,0.4134,6938,48200
190691,0.4101,6748,40800
190716,0.8057,25210,46400
190725,0.5259,26940,42800
190761,0.7544,27438,46300
190956,0.4286,10345,43700
190983,0.8216,41900,45900
191126,0.4041,5335,48900
191205,0.6132,19380,34400
191241,0.4522,49073,59200
191515,0.2608,51240,60200
191533,0.8654,42860,45800
191621,0.8113,21300,42600
191630,0.5799,51559,53500
191649,0.6222,42160,53100
191676,0.7933,30336,37400
191931,0.9146,36584,56100
191968,0.6992,41776,52300
192004,0.8133,12600,26100
192110,0.0617,41310,32800
192192,0.77,29451,43800
192271,0.9346,25725,46000
192323,0.6531,33030,49600
192439,0.875,36256,49000
192448,0.8148,36256,49000
192509,0.6306,14475,19500
192703,0.7137,40004,65000
192712,0.4627,44600,32300
192749,0.774,36920,45600
192785,0.4435,14210,40400
192819,0.4099,35210,56900
192864,0.7816,30290,41400
192925,0.6923,27276,39400
192961,1,12674,54800
193016,0.7768,18392,39700
193292,0.7692,29100,60500
193308,0.531,14460,30300
193353,0.8989,29048,51600
193399,0.9265,35130,54400
193584,0.721,32649,44300
193645,0.4373,34960,33900
193654,0.6009,45440,44500
193900,0.3187,49062,61900
193973,0.8288,30950,42800
194091,0.7255,35160,55100
194116,0.3478,22710,52200
194161,0.9978,24850,41300
194310,0.8368,42772,60300
194392,0.8208,27103,35300
194499,0.297,12450,23500
194569,0.525,16400,31900
194578,0.5765,48154,43400
194824,0.4435,50797,82000
194958,0.6472,29540,40900
195003,0.5493,38568,62400
195030,0.3553,50142,61200
195128,0.5763,28805,44800
195164,0.659,32331,47700
195173,0.6414,25300,45700
195191,0.6,19360,60300
195216,0.4288,51200,50100
195234,0.8353,30692,43800
195243,0.7916,29600,46900
195289,0.75,13331,50800
195304,0.5179,52550,43000
195474,0.7261,34611,57100
195526,0.2908,50834,49700
195544,0.6678,25114,50400
195702,0.3333,15570,59100
195720,0.6454,31880,47800
195809,0.6336,39460,55200
196006,0.7199,8075,41800
196015,0.8257,7881,35700
196024,0.5135,7875,37200
196033,0.7818,7929,35000
196042,0.5802,7860,51700
196051,0.7735,8023,35200
196060,0.5439,9223,51500
196079,0.4062,9271,61600
196088,0.5938,9574,52600
196097,0.4067,8999,57600
196103,0.5421,8103,45600
196112,0.6431,7777,51000
196121,0.5533,7928,42600
196130,0.6407,7701,39800
196149,0.5217,8106,47000
196158,0.6235,8089,41700
196167,0.6685,8176,48800
196176,0.4294,7754,45000
196185,0.5284,7932,43400
196194,0.5452,7961,43900
196200,0.7178,7964,39700
196219,0.4351,8298,35200
196237,0.686,7683,44300
196246,0.5103,7866,42400
196291,0.5804,7834,82800
196413,0.5232,45022,62100
196431,0.8298,9300,19900
196592,0.619,16880,30400
196653,0.5412,16770,37900
196866,0.369,51696,65400
197027,0.203,1167,88100
197045,0.8195,19996,45300
197133,0.2688,53090,54600
197142,0.8462,21080,28000
197151,0.7445,36500,41800
197197,0.7294,43980,56700
197230,0.9243,38530,35100
197285,0.9393,21015,37400
197708,0.5075,40670,58500
197735,0.9147,9300,14400
197869,0.6832,7136,38800
197911,0.4088,29052,38100
197984,0.9733,18500,38200
197993,0.9578,18513,30600
198066,0.4216,27790,31600
198109,1,12268,48600
198136,0.81,30050,45900
198215,0.4707,29333,39400
198303,0.5697,23930,34300
198385,0.2011,48376,58900
198419,0.1083,51265,84400
198464,0.7034,6997,40500
198507,0.5715,4889,30400
198516,0.6044,33104,51900
198543,0.5927,5085,31200
198561,0.5188,29810,38700
198598,0.3625,28000,36900
198613,0.6052,34090,36400
198695,0.7908,33405,39000
198747,0.3939,11230,33900
198756,0.453,18236,28400
198808,0.6303,25648,33200
198835,0.7011,33730,38500
198862,0.4778,17764,23400
198871,0.7482,18007,26900
198899,0.5674,30534,31500
198950,0.6079,34907,39500
198969,0.5479,31980,39300
199032,0.6137,24940,37000
199069,0.4766,19000,39500
199102,0.5364,6372,34700
199111,0.7593,6977,34500
199120,0.2694,8834,55600
199139,0.6203,6763,44000
199148,0.7393,6971,37500
199157,0.6669,6132,32900
199184,0.5442,9139,35500
199193,0.4751,8880,52500
199209,0.6157,29150,38600
199218,0.7175,6951,41600
199272,0.6284,27080,36000
199281,0.7356,5816,34400
199306,0.4414,28995,39200
199412,0.8275,32560,42200
199458,0.4606,13600,30800
199582,0.7271,17890,27300
199607,0.5684,27406,36300
199643,0.4887,16580,29200
199698,0.5622,25874,37200
199847,0.3034,49308,63800
199865,0.8196,33970,25600
199962,0.6956,29170,43200
199999,0.6326,5804,33200
200004,0.4069,6737,37700
200059,0.9171,6348,41700
200156,0.5731,20480,43800
200217,0.7701,17445,48000
200226,0.5521,6254,39300
200253,0.5981,6568,41200
200280,0.8369,8136,48700
200332,0.928,8327,48200
200484,0.5935,15912,27000
200572,0.9812,7196,39300
200624,0.6923,23341,35700
200785,0.9259,13390,37800
200800,0.9592,10270,36500
201061,0.3054,29752,25800
201104,0.7247,20392,40400
201177,0.7447,17370,60500
201195,0.5973,30776,44400
201371,0.4953,30762,39000
201441,0.7605,11057,40500
201548,0.6923,33492,44000
201645,0.3544,46006,74600
201654,0.6906,28110,41300
201690,0.4201,6246,26100
201821,0.5667,15882,56200
201858,0.9241,16414,32700
201885,0.7642,11000,42300
202046,0.6053,39585,36600
202073,0.4845,49106,40100
202134,0.8745,9768,41300
202170,0.756,32880,32200
202480,0.6035,40940,55100
202514,0.5818,31680,41000
202523,0.4361,48960,48800
202763,0.7298,32402,43200
202912,0.7069,15530,52600
203085,0.7931,29200,39300
203128,0.5418,33040,42700
203368,0.8299,38490,53800
203517,0.8536,10012,38000
203535,0.2658,51200,48700
203544,0.9921,11808,54500
203580,0.631,29960,36200
203757,0.8934,20620,36500
203775,0.7281,29422,41700
203845,0.6141,35330,45800
203960,0.5755,13430,51100
204024,0.6538,14736,47100
204176,0.7897,12673,57700
204185,0.7699,29120,42900
204194,0.7422,26950,43600
204200,0.8805,28300,41400
204264,0.7741,26928,39600
204468,0.9025,28300,42600
204501,0.2803,52002,40800
204617,0.5216,31080,41000
204635,0.6411,29820,63500
204796,0.5411,10037,46100
204857,0.7485,11744,40500
204893,0.9286,8348,49700
204909,0.7155,44090,45300
204936,0.7287,31874,43100
205054,0.8448,14611,29500
205391,0.6549,26181,31200
205443,0.7357,7365,34200
205957,0.7875,25680,37700
206048,0.7561,23125,42600
206084,0.9432,9547,43800
206330,0.9154,22452,35200
206349,0.8961,29940,47800
206394,0.9867,17980,27800
206437,0.7767,28720,43500
206491,0.3841,13250,34200
206507,0.8659,25000,40000
206525,0.7832,38090,43200
206589,0.5816,46860,46300
206604,0.9525,8730,39500
206613,0.9881,5842,39500
206622,0.6858,36150,51600
206695,0.6745,8317,35900
206817,0.5047,14850,34500
206835,0.728,25070,50900
206941,0.7503,6699,38800
207041,0.5777,6279,36800
207157,0.4545,13040,34500
207263,0.9375,6207,35800
207306,0.4377,6690,36400
207324,0.6082,20840,38500
207388,0.7452,8321,46500
207403,0.6011,25310,40500
207458,0.7215,30726,42800
207500,0.7084,10881,51100
207582,0.6846,25676,37600
207722,0.4885,7200,32000
207847,0.7733,6450,35800
207856,0.4111,13080,29300
207865,0.9083,6690,39300
207971,0.3696,41509,48500
208488,0.5476,29390,43300
208646,0.9703,8004,41200
208725,0.9737,14230,29500
208822,0.6376,33730,45100
209056,0.5495,46894,46200
209065,0.8075,40175,55200
209108,1,20835,35300
209287,0.7039,23680,34100
209409,0.6674,27930,43100
209506,0.7304,9625,56600
209533,0.5845,32130,25100
209542,0.7748,10366,49600
209551,0.7787,10761,44800
209603,0.9391,34500,27400
209612,0.788,41054,46600
209807,0.8942,8337,44700
209825,0.6132,44104,58800
209922,0.3131,52150,42200
210146,0.782,8523,39000
210304,0.9617,23370,41000
210331,0.3456,30640,37600
210401,0.7806,47217,51100
210429,0.8776,9285,39700
210571,0.5111,41544,46700
210669,0.6776,44250,50900
210739,0.7623,34850,49700
210775,0.745,32270,44500
211024,0.4312,22510,32000
211088,0.6327,40920,44100
211158,0.7756,10154,44500
211200,0.9014,15380,27300
211273,0.3994,48790,54600
211291,0.2992,51960,70800
211352,0.7106,30588,46600
211361,0.9646,10339,41600
211431,0.8635,27764,39700
211440,0.2171,52310,83600
211468,0.6647,36825,46700
211477,0.9855,17646,35300
211556,0.5275,35475,36600
211583,0.938,34140,43600
211644,0.9414,10287,37900
211981,0.6838,36750,42100
212009,0.4321,51205,57400
212054,0.7465,51030,68800
212106,0.7394,35062,58500
212115,0.8335,9968,44600
212133,0.6119,31140,42500
212160,0.9528,9984,35400
212197,0.7343,43490,51300
212568,0.5556,17775,66300
212577,0.3637,52290,58900
212601,0.7775,30042,48100
212656,0.7057,25680,38700
212674,0.4263,50860,56100
212832,0.9082,32480,54300
212911,0.214,51259,60700
212984,0.6849,29750,52700
212993,0.7857,19650,34500
213011,0.8189,35210,50600
213020,0.9154,11368,40800
213233,0.8884,18235,40500
213251,0.746,42170,49200
213303,0.9763,25798,33100
213321,0.709,34720,51000
213349,0.7977,9618,41600
213358,0.9227,27000,40400
213367,0.7684,41100,58000
213385,0.2829,49635,68600
213400,0.6739,21500,34300
213507,0.7606,40550,45800
213543,0.2611,48320,81900
213598,0.8714,11102,34600
213613,0.8784,10229,41500
213622,1,14912,49600
213668,0.6956,37162,45700
213774,0.8906,16550,38100
213783,0.8752,11908,38600
213826,0.6832,33000,39600
213987,0.7523,34580,40300
213996,0.7951,33180,45100
214023,1,12097,18100
214041,0.6948,11494,43500
214069,0.7444,30740,50400
214148,0.5714,38301,33300
214157,0.7745,40287,51100
214166,0.5858,21850,40800
214175,0.4825,48310,59400
214272,0.9374,28580,44300
214591,0.8785,14828,50100
214625,0.8257,13616,50100
214634,0.7222,13296,50100
214643,0.8279,13540,50100
214652,0.797,14072,50100
214670,0.8665,14134,50100
214689,0.8949,14828,50100
214698,0.8589,13678,50100
214704,0.8701,14828,50100
214713,0.8452,14828,50100
214731,0.8263,14134,50100
214740,0.8579,13616,50100
214759,0.801,13616,50100
214768,0.8194,14072,50100
214777,0.564,17900,50100
214786,0.8569,13666,50100
214795,0.7764,13678,50100
214801,0.8245,14172,50100
214810,0.7559,14072,50100
214829,0.8328,14134,50100
214892,0.878,25000,25700
214971,0.924,36058,20200
215053,0.4452,23800,28400
215062,0.0944,51464,85900
215099,0.6068,37950,51200
215105,0.7679,41464,32600
215114,0.9793,25246,34800
215132,0.5974,38850,91600
215266,0.526,13608,53900
215275,0.7493,13618,53900
215284,0.7426,13624,53900
215293,0.5541,18618,53900
215309,0.5026,11808,53900
215442,0.7086,29030,37100
215594,0.2273,9825,63800
215637,0.9734,23550,33000
215655,0.7984,28250,47700
215691,0.6909,19480,44700
215743,0.6736,33344,52200
215770,0.7793,43020,59600
215798,0.6587,33426,47600
215929,0.7455,42162,57500
215947,0.6087,33520,40200
215974,1,14912,55500
215992,0.7797,9744,19400
216010,0.8831,11452,45000
216038,0.6949,9862,41700
216083,0.942,16612,30200
216278,0.677,43720,54100
216287,0.128,49104,56700
216296,0.5753,7630,45600
216339,0.5219,16274,50500
216357,0.7423,29740,37600
216524,0.8242,49370,55200
216542,0.7871,20694,31100
216551,0.9445,29975,46600
216597,0.435,49280,77900
216667,0.4732,44900,54500
216694,0.9371,22800,45300
216764,0.6448,9720,48400
216773,0.3684,10191,50500
216807,0.7387,35210,43200
216852,0.6973,42870,53400
216931,0.7592,33568,51600
217013,0.5771,24430,33100
217059,0.6102,18780,50400
217156,0.0931,51366,67500
217165,0.6732,40962,69300
217235,0.884,30746,38800
217402,0.5503,46970,64100
217420,0.7469,8206,41400
217484,0.7276,12884,52900
217493,0.3412,47110,51100
217518,0.7926,32100,50500
217536,0.6836,37820,53500
217633,0.5392,25880,35200
217688,0.606,24140,36900
217776,0.5502,24110,39200
217819,0.8413,11805,40700
217864,0.8229,11734,56800
217873,0.4182,16158,28500
217882,0.5054,14708,52400
217907,0.5866,27624,32800
217925,0.3571,21490,29900
217934,0.8707,28900,34600
217961,0.6041,17000,33900
217998,0.7587,34560,37400
218061,0.6156,10428,33100
218070,0.6776,47164,51200
218229,0.6175,11200,34200
218238,0.4765,23900,37400
218414,0.5965,25600,36900
218441,0.5912,17594,34400
218539,0.5983,37142,44500
218645,0.6692,10196,37100
218654,0.6513,10166,36800
218663,0.6814,11454,44900
218672,0.6129,6702,44900
218681,0.6184,6702,26600
218690,0.6654,6702,34300
218706,0.713,6702,32800
218724,0.6118,10876,38500
218733,0.8623,10420,29800
218742,0.5463,11190,36900
218821,0.6519,16700,32900
218919,0.7903,12630,24500
218964,0.685,14810,35900
218973,0.7011,40245,51500
219000,0.6913,30944,43700
219046,0.7976,8004,35900
219082,0.8263,8927,38700
219091,0.7267,26050,37200
219198,0.6469,25380,36600
219259,0.8139,7887,35300
219295,0.9852,19090,34700
219347,0.845,11160,56500
219356,0.9076,8172,44400
219383,0.9149,27160,40100
219471,0.8813,8457,42000
219578,0.4041,21950,45900
219602,0.8886,7689,34900
219639,0.5361,11204,57000
219709,0.8104,31390,44100
219718,0.6652,15764,38600
219790,0.4179,24450,41300
219806,0.6329,26360,36000
219833,0.5224,30860,44200
219949,0.4891,21210,38700
219976,0.6085,29756,43200
220075,0.9164,8341,35100
220181,0.7846,21480,35000
220215,0.9633,21500,37100
220312,0.9442,15543,30300
220464,0.6842,11070,38800
220473,0.9646,13950,29800
220516,0.5141,27276,43500
220598,0.5027,10280,25400
220604,1,10880,28400
220613,0.8722,15770,34200
220631,0.502,21050,38200
220710,0.5779,33524,39000
220808,0.3918,31700,27100
220862,0.5668,9125,37400
220978,0.6861,8280,38700
221254,0.6903,28176,31800
221351,0.5432,44942,53600
221397,0.9957,4047,29500
221485,1,4059,25700
221519,0.4364,42400,45500
221731,0.6143,23000,38500
221740,0.7826,8544,38100
221759,0.7722,12724,45100
221768,0.667,9088,36200
221847,0.6721,8203,40500
221892,0.7227,24624,40500
221953,0.744,23125,38300
221971,0.6257,30330,43200
221999,0.1075,45610,69000
222178,0.5089,32070,43000
222831,0.7437,7047,40200
222983,0.5343,37315,48200
223232,0.3972,42006,51600
223472,0.625,14320,30100
224004,0.8347,29260,44500
224147,0.6465,8424,43400
224226,0.4311,26180,43200
224244,0.2267,17454,38900
224323,0.4476,37230,47400
224527,0.5093,24700,40500
224545,0.5599,6840,35900
224554,0.4614,7750,39300
225247,0.8799,25830,43300
225399,0.3456,30800,45800
225414,0.6471,6502,47900
225432,0.8288,5978,45000
225502,0.4809,7369,41800
225511,0.5854,9519,51600
225548,0.8772,26630,37600
225575,0.3648,14346,30800
225627,0.9187,28898,46500
225991,0.8214,16625,25300
226091,0.7618,8146,39500
226152,0.5298,7016,45800
226231,0.4419,28480,48200
226383,0.9531,21166,41800
226471,0.788,26550,44200
226587,0.4804,26275,41000
226833,0.7446,8620,41100
227216,0.7179,10153,45000
227331,0.5473,27160,39300
227368,0.6393,7438,41900
227429,0.319,8318,27700
227526,0.8548,10059,35700
227757,0.1527,43918,65400
227845,0.739,41178,46500
227863,0.7739,31520,49600
227881,0.7195,7762,44600
228042,0.9078,25750,40200
228149,0.7766,28200,46600
228246,0.4892,50358,60700
228325,0.2347,19560,35700
228343,0.4503,39060,54000
228431,0.6245,7716,41900
228459,0.7113,9605,45700
228468,0.4997,20276,41500
228501,0.9222,6419,37900
228529,0.5039,7140,42500
228705,0.8234,8049,42600
228723,0.6717,11036,58000
228769,0.6982,9616,48700
228778,0.4037,10092,58200
228787,0.6799,11192,53100
228796,0.9999,7548,40000
228802,0.6935,7602,44200
228875,0.3758,42670,52800
228981,0.4261,28910,45600
229018,0.8148,5774,46100
229027,0.7641,7700,45300
229063,0.5149,9000,31300
229115,0.626,8428,51400
229160,0.4116,26050,42000
229179,0.8588,7238,44700
229267,0.4066,39560,54900
229780,0.9984,15060,41300
229814,0.5997,7699,42700
230038,0.5118,5300,59700
230047,0.2708,5240,42200
230603,0.7228,6530,39800
230728,0.9025,7426,43200
230764,0.7642,8518,53000
230807,0.8409,32404,49800
230816,0.5995,50100,29500
230834,0.9532,11314,37900
230852,0.6995,38660,45400
230889,0.5625,15786,25400
230898,0.7855,37002,30300
230913,0.9509,11290,33200
230931,0.9834,11290,33400
230940,0.6623,40030,27600
230959,0.1614,50063,58200
230995,0.6998,37354,53700
231059,0.77,41975,50800
231077,0.5751,22650,36700
231086,0.6178,23975,34200
231165,0.879,14026,45000
231174,0.6894,17300,47300
231411,0.8833,13250,40800
231420,0.5666,31980,41800
231554,0.8481,24380,40900
231581,0.5275,32590,42500
231624,0.3652,21234,58500
231651,0.8103,16438,41600
231712,0.6216,13054,46900
232025,0.699,33700,40700
232043,0.6115,34200,40300
232089,0.7202,31915,37300
232186,0.8099,11300,59900
232256,0.556,42962,52200
232265,0.6482,24242,44700
232308,0.5988,36835,35400
232423,0.7213,10390,56600
232557,0.2438,21292,36700
232566,0.7395,12240,41500
232609,0.6378,36620,43600
232672,0.9948,30635,37200
232681,0.7445,11630,51400
232706,0.9055,29780,53600
232937,0.8549,8738,35800
232982,0.8464,9750,43700
233277,0.812,10081,43000
233295,0.614,38730,49100
233301,0.8361,36770,39700
233338,0.4232,7140,33500
233374,0.3248,49420,64500
233408,0.2727,15849,51700
233426,0.7304,41429,44700
233541,0.8802,31322,45800
233611,0.4532,14900,36000
233718,0.9305,36425,38200
233897,0.7771,9539,38400
233921,0.7087,12852,62500
234030,0.8115,13130,44000
234076,0.2986,16412,61200
234085,0.5095,17492,65700
234155,0.9448,8472,35200
234164,0.4099,17034,32000
234173,0.8996,35610,40700
234207,0.2358,48267,76100
234827,0.7971,7719,46500
235024,0.5972,38820,29100
235097,0.9548,6951,43100
235167,0.9748,7414,33200
235316,0.6729,39730,56100
236133,0.9339,29200,41300
236230,0.7682,39450,49400
236328,0.789,46552,52700
236452,0.9531,34356,47800
236577,0.8728,38940,49100
236595,0.7363,41265,56500
236896,0.6205,26982,46400
236939,0.7204,11041,50600
236948,0.4535,10753,57700
237011,0.8312,7903,45800
237057,0.5108,47862,51300
237066,0.8857,40562,42100
237118,0.4138,25350,40400
237136,0.5185,14000,26700
237181,0.6456,27696,40400
237215,0.8331,6408,26600
237312,0.5186,29900,40800
237330,0.8115,7238,32300
237358,0.5046,28842,37400
237367,0.6496,6950,33000
237385,0.6945,7344,33800
237525,0.8943,7154,35600
237640,0.6355,20460,37200
237792,0.9191,7170,39700
237899,0.9627,6996,29800
237932,0.717,7038,36400
237950,0.527,6648,45800
237969,0.7728,29752,43600
238032,0.7612,7992,45800
238078,0.9324,28110,46200
238193,0.8022,26932,38800
238324,0.8913,20500,58600
238333,0.6986,47060,42400
238430,0.8152,28212,48500
238458,0.7156,30388,44200
238476,0.6973,40265,44700
238616,0.6335,27900,42800
238661,0.7587,27530,43300
238980,0.554,26560,42800
239017,0.6298,44844,44100
239071,0.6809,14260,33000
239080,0.7719,28280,41700
239105,0.8434,38470,62600
239309,0.6074,35020,33300
239318,0.6631,37980,71300
239390,0.5631,28380,40000
239512,0.5401,33432,33700
239628,0.6526,39142,45500
239716,0.8139,35381,46400
239743,0.5489,26340,37600
240055,0.7544,5159,36000
240107,0.6254,26150,43200
240189,0.6935,7650,42600
240268,0.78,8812,46200
240277,0.7313,7878,40800
240329,0.7424,9091,48000
240338,0.9027,27984,41300
240365,0.6502,7544,42700
240374,0.6246,7367,39900
240392,0.839,13390,37800
240417,0.884,9395,45100
240426,0.7611,8088,36700
240444,0.5262,10488,56200
240453,0.7329,9493,44200
240462,0.8033,7484,47300
240471,0.7215,7981,40900
240480,0.8142,8159,40200
240727,0.9508,5055,47300
241191,0.9865,6850,20300
241225,0.4487,6220,19600
241331,0.6349,7221,30200
241395,0.9731,5148,18500
241410,0.9768,5250,18500
241720,0.9551,2370,24400
241766,0.7091,3370,15100
241951,0.8352,3462,16000
242042,0.8537,1125,20200
242556,0.7844,1105,20200
242565,0.9689,1130,20200
242583,0.9757,1105,20200
242617,0.691,4962,19800
242626,0.4664,5654,19800
242635,0.4647,5082,19800
242644,0.4162,5764,19800
242653,0.165,7302,19800
242662,0.5834,5084,19800
242680,0.723,5102,19800
242699,0.4902,5764,19800
242705,0.4266,5082,19800
242972,0.648,6495,17400
243443,0.5269,6000,20200
243568,0.76,10470,29100
243586,0.9961,5148,18500
243638,0.7393,4750,19500
243665,0.9195,5235,32000
243744,0.0481,47940,94000
243780,0.5597,10002,55100
243832,0.699,5940,18700
244437,0.529,3261,34300
245652,0.6275,50878,33500
247649,0.3616,52650,23600
248846,0.3893,31760,37200
248934,0.7111,14775,34600
250027,0.9038,9744,21500
260813,0,19286,29400
260992,0.7794,17475,29600
363934,0.851,21064,46400
366711,0.5184,7383,47300
367884,0.6015,13700,37100
368452,0.5062,17800,26800
376321,0.7025,6700,17700
377555,0.803,10690,57700
377564,0.8381,10831,57700
382504,0.885,14320,27500
385619,0.7436,16400,42100
386153,0.8198,8590,17800
386472,0.8,13830,37800
392840,0.97,23700,36500
398130,0.44,15688,41600
399869,0.9222,17335,29800
407009,0.7786,9886,47700
407328,1,13390,37800
408729,1,9744,19400
409698,0.3524,6379,44800
414823,0.8147,30746,38800
417734,0.381,17580,49300
417752,0.9048,9120,19600
417886,0.7037,9918,32500
417910,1,14310,53900
420574,0.7609,9886,47700
421832,0.8802,16940,28400
421841,0.9429,31200,30400
426314,0.6275,8760,66200
430485,0.74,27700,27500
430810,0.4456,25780,25200
430883,0.4024,9975,32100
431600,0.9375,14912,51000
433004,1,21058,34800
433174,0.3095,12192,50000
433536,0.9756,13390,37800
433660,0.5615,6118,42100
436818,0.5821,12024,58400
436827,0.624,12024,58400
436836,0.5738,12034,58400
439288,0.8521,30746,38800
439455,0.5952,25580,34900
439701,0.4831,13650,39100
440828,0.6584,9123,49600
441487,0.7143,15586,26600
441937,0.7384,6547,49800
442356,0.571,25510,54300
443331,1,33675,54900
443410,0.5332,29000,80200
445267,0.2353,5400,35400
445692,0.8239,24750,69400
445708,0.8174,30746,38800
446048,0.399,19128,32800
447263,0.4531,15698,27800
448309,0.6429,9680,43200
448840,0.4295,5821,43500
448886,0.767,10370,47700
449931,0.4474,10325,41800
451671,0.378,5587,43500
454227,0.7742,19230,58400
454236,0.7917,19230,58400
454245,0.8,19230,58400
456959,0.6612,13232,51900
457022,1,13390,37800
457129,0.6667,19230,58400
457484,0.5556,10460,29500
458210,0.8824,33675,54900
458229,0.88,33675,54900
458432,1,16275,24700
459842,1,13390,37800
459851,1,13390,37800
460349,0.4483,14823,38800
460871,0.4444,19230,58400
466921,0.7778,19230,58400
466930,0.6667,19230,58400
468398,1,16500,24700
475732,0.5714,19230,58400
475741,0.4444,19230,58400
477039,1,25935,54900
479956,0.5753,13678,50100
482149,0.7723,8282,62300
482158,0.7066,3890,31500
482413,0.9506,19948,44100
482422,0.8772,19948,44100
482431,0.9261,19948,44100
482440,0.9412,19948,44100
482459,0.8929,19948,44100
482468,0.8649,19948,44100
482477,0.9089,19948,44100
482486,1,19948,44100
482538,0.9444,19948,44100
482547,1,19948,44100
482556,0.9468,19948,44100
482565,0.8,19948,44100
482574,0.9474,19948,44100
482583,1,19948,44100
482608,0.8929,19948,44100
482617,0.6667,19948,44100
482635,0.8846,19948,44100
482653,0.95,19948,44100
482680,0.7504,4397,41900
483124,0.6206,8234,47700
484473,0.6415,3876,56000
484905,0.6817,7848,45000
485272,1,20350,54900
